--
-- PostgreSQL database dump
--

-- Dumped from database version 12.9 (Ubuntu 12.9-2.pgdg20.04+1)
-- Dumped by pg_dump version 12.9 (Ubuntu 12.9-2.pgdg20.04+1)

SET statement_timeout = 0;
SET lock_timeout = 0;
SET idle_in_transaction_session_timeout = 0;
SET client_encoding = 'UTF8';
SET standard_conforming_strings = on;
SELECT pg_catalog.set_config('search_path', '', false);
SET check_function_bodies = false;
SET xmloption = content;
SET client_min_messages = warning;
SET row_security = off;

DROP DATABASE universe;
--
-- Name: universe; Type: DATABASE; Schema: -; Owner: freecodecamp
--

CREATE DATABASE universe WITH TEMPLATE = template0 ENCODING = 'UTF8' LC_COLLATE = 'C.UTF-8' LC_CTYPE = 'C.UTF-8';


ALTER DATABASE universe OWNER TO freecodecamp;

\connect universe

SET statement_timeout = 0;
SET lock_timeout = 0;
SET idle_in_transaction_session_timeout = 0;
SET client_encoding = 'UTF8';
SET standard_conforming_strings = on;
SELECT pg_catalog.set_config('search_path', '', false);
SET check_function_bodies = false;
SET xmloption = content;
SET client_min_messages = warning;
SET row_security = off;

SET default_tablespace = '';

SET default_table_access_method = heap;

--
-- Name: astronaut; Type: TABLE; Schema: public; Owner: freecodecamp
--

CREATE TABLE public.astronaut (
    astronaut_id integer NOT NULL,
    name character varying(30) NOT NULL,
    birth date
);


ALTER TABLE public.astronaut OWNER TO freecodecamp;

--
-- Name: astronaut_astronaut_id_seq; Type: SEQUENCE; Schema: public; Owner: freecodecamp
--

CREATE SEQUENCE public.astronaut_astronaut_id_seq
    AS integer
    START WITH 1
    INCREMENT BY 1
    NO MINVALUE
    NO MAXVALUE
    CACHE 1;


ALTER TABLE public.astronaut_astronaut_id_seq OWNER TO freecodecamp;

--
-- Name: astronaut_astronaut_id_seq; Type: SEQUENCE OWNED BY; Schema: public; Owner: freecodecamp
--

ALTER SEQUENCE public.astronaut_astronaut_id_seq OWNED BY public.astronaut.astronaut_id;


--
-- Name: galaxy; Type: TABLE; Schema: public; Owner: freecodecamp
--

CREATE TABLE public.galaxy (
    galaxy_id integer NOT NULL,
    name character varying(30),
    radius_in_lightyears integer NOT NULL,
    num_stars_in_billion integer,
    type text
);


ALTER TABLE public.galaxy OWNER TO freecodecamp;

--
-- Name: galaxy_galaxy_id_seq; Type: SEQUENCE; Schema: public; Owner: freecodecamp
--

CREATE SEQUENCE public.galaxy_galaxy_id_seq
    AS integer
    START WITH 1
    INCREMENT BY 1
    NO MINVALUE
    NO MAXVALUE
    CACHE 1;


ALTER TABLE public.galaxy_galaxy_id_seq OWNER TO freecodecamp;

--
-- Name: galaxy_galaxy_id_seq; Type: SEQUENCE OWNED BY; Schema: public; Owner: freecodecamp
--

ALTER SEQUENCE public.galaxy_galaxy_id_seq OWNED BY public.galaxy.galaxy_id;


--
-- Name: moon; Type: TABLE; Schema: public; Owner: freecodecamp
--

CREATE TABLE public.moon (
    moon_id integer NOT NULL,
    name character varying(30),
    planet_id integer NOT NULL,
    was_reached boolean,
    age integer
);


ALTER TABLE public.moon OWNER TO freecodecamp;

--
-- Name: moon_moon_id_seq; Type: SEQUENCE; Schema: public; Owner: freecodecamp
--

CREATE SEQUENCE public.moon_moon_id_seq
    AS integer
    START WITH 1
    INCREMENT BY 1
    NO MINVALUE
    NO MAXVALUE
    CACHE 1;


ALTER TABLE public.moon_moon_id_seq OWNER TO freecodecamp;

--
-- Name: moon_moon_id_seq; Type: SEQUENCE OWNED BY; Schema: public; Owner: freecodecamp
--

ALTER SEQUENCE public.moon_moon_id_seq OWNED BY public.moon.moon_id;


--
-- Name: planet; Type: TABLE; Schema: public; Owner: freecodecamp
--

CREATE TABLE public.planet (
    planet_id integer NOT NULL,
    name character varying(30),
    has_life boolean,
    star_id integer NOT NULL,
    was_reached boolean
);


ALTER TABLE public.planet OWNER TO freecodecamp;

--
-- Name: planet_planet_id_seq; Type: SEQUENCE; Schema: public; Owner: freecodecamp
--

CREATE SEQUENCE public.planet_planet_id_seq
    AS integer
    START WITH 1
    INCREMENT BY 1
    NO MINVALUE
    NO MAXVALUE
    CACHE 1;


ALTER TABLE public.planet_planet_id_seq OWNER TO freecodecamp;

--
-- Name: planet_planet_id_seq; Type: SEQUENCE OWNED BY; Schema: public; Owner: freecodecamp
--

ALTER SEQUENCE public.planet_planet_id_seq OWNED BY public.planet.planet_id;


--
-- Name: star; Type: TABLE; Schema: public; Owner: freecodecamp
--

CREATE TABLE public.star (
    star_id integer NOT NULL,
    name character varying(30),
    galaxy_id integer NOT NULL,
    num_planets integer,
    num numeric(5,2)
);


ALTER TABLE public.star OWNER TO freecodecamp;

--
-- Name: star_star_id_seq; Type: SEQUENCE; Schema: public; Owner: freecodecamp
--

CREATE SEQUENCE public.star_star_id_seq
    AS integer
    START WITH 1
    INCREMENT BY 1
    NO MINVALUE
    NO MAXVALUE
    CACHE 1;


ALTER TABLE public.star_star_id_seq OWNER TO freecodecamp;

--
-- Name: star_star_id_seq; Type: SEQUENCE OWNED BY; Schema: public; Owner: freecodecamp
--

ALTER SEQUENCE public.star_star_id_seq OWNED BY public.star.star_id;


--
-- Name: astronaut astronaut_id; Type: DEFAULT; Schema: public; Owner: freecodecamp
--

ALTER TABLE ONLY public.astronaut ALTER COLUMN astronaut_id SET DEFAULT nextval('public.astronaut_astronaut_id_seq'::regclass);


--
-- Name: galaxy galaxy_id; Type: DEFAULT; Schema: public; Owner: freecodecamp
--

ALTER TABLE ONLY public.galaxy ALTER COLUMN galaxy_id SET DEFAULT nextval('public.galaxy_galaxy_id_seq'::regclass);


--
-- Name: moon moon_id; Type: DEFAULT; Schema: public; Owner: freecodecamp
--

ALTER TABLE ONLY public.moon ALTER COLUMN moon_id SET DEFAULT nextval('public.moon_moon_id_seq'::regclass);


--
-- Name: planet planet_id; Type: DEFAULT; Schema: public; Owner: freecodecamp
--

ALTER TABLE ONLY public.planet ALTER COLUMN planet_id SET DEFAULT nextval('public.planet_planet_id_seq'::regclass);


--
-- Name: star star_id; Type: DEFAULT; Schema: public; Owner: freecodecamp
--

ALTER TABLE ONLY public.star ALTER COLUMN star_id SET DEFAULT nextval('public.star_star_id_seq'::regclass);


--
-- Data for Name: astronaut; Type: TABLE DATA; Schema: public; Owner: freecodecamp
--

INSERT INTO public.astronaut VALUES (1, 'Neil Armstrong', NULL);
INSERT INTO public.astronaut VALUES (2, 'Buzz Aldrin', NULL);
INSERT INTO public.astronaut VALUES (3, 'Alexander Gerst', NULL);
INSERT INTO public.astronaut VALUES (4, 'Suzanna Randalls', NULL);


--
-- Data for Name: galaxy; Type: TABLE DATA; Schema: public; Owner: freecodecamp
--

INSERT INTO public.galaxy VALUES (1, 'Milky Way', 170000, 300, 'Sb');
INSERT INTO public.galaxy VALUES (2, 'Andromeda Galaxy', 200000, 1000, 'SA(s)b');
INSERT INTO public.galaxy VALUES (3, 'Cetus A', 150000, NULL, NULL);
INSERT INTO public.galaxy VALUES (4, 'Virgo A', 150000, NULL, NULL);
INSERT INTO public.galaxy VALUES (5, 'Fornax A', 150000, NULL, NULL);
INSERT INTO public.galaxy VALUES (6, 'Centaurus A', 150000, NULL, NULL);


--
-- Data for Name: moon; Type: TABLE DATA; Schema: public; Owner: freecodecamp
--

INSERT INTO public.moon VALUES (1, 'Moon', 1, true, NULL);
INSERT INTO public.moon VALUES (2, 'Io', 5, NULL, NULL);
INSERT INTO public.moon VALUES (3, 'Europa', 5, NULL, NULL);
INSERT INTO public.moon VALUES (4, 'Ganymed', 5, NULL, NULL);
INSERT INTO public.moon VALUES (5, 'Kallisto', 5, NULL, NULL);
INSERT INTO public.moon VALUES (6, 'Amalthea', 5, NULL, NULL);
INSERT INTO public.moon VALUES (7, 'Himalia', 5, NULL, NULL);
INSERT INTO public.moon VALUES (8, 'Elara', 5, NULL, NULL);
INSERT INTO public.moon VALUES (9, 'Pasiphae', 5, NULL, NULL);
INSERT INTO public.moon VALUES (10, 'Sinope', 5, NULL, NULL);
INSERT INTO public.moon VALUES (11, 'Lysithea', 5, NULL, NULL);
INSERT INTO public.moon VALUES (12, 'Carme', 5, NULL, NULL);
INSERT INTO public.moon VALUES (13, 'Ananke', 5, NULL, NULL);
INSERT INTO public.moon VALUES (14, 'Leda', 5, NULL, NULL);
INSERT INTO public.moon VALUES (15, 'Thebe', 5, NULL, NULL);
INSERT INTO public.moon VALUES (16, 'Adrastea', 5, NULL, NULL);
INSERT INTO public.moon VALUES (17, 'Metis', 5, NULL, NULL);
INSERT INTO public.moon VALUES (18, 'Themisto', 5, NULL, NULL);
INSERT INTO public.moon VALUES (19, 'Megaclite', 5, NULL, NULL);
INSERT INTO public.moon VALUES (20, 'Taygete', 5, NULL, NULL);
INSERT INTO public.moon VALUES (21, 'Chaldene', 5, NULL, NULL);


--
-- Data for Name: planet; Type: TABLE DATA; Schema: public; Owner: freecodecamp
--

INSERT INTO public.planet VALUES (1, 'Earth', true, 1, false);
INSERT INTO public.planet VALUES (2, 'Merkur', false, 1, false);
INSERT INTO public.planet VALUES (3, 'Venus', false, 1, true);
INSERT INTO public.planet VALUES (4, 'Mars', false, 1, true);
INSERT INTO public.planet VALUES (5, 'Jupiter', false, 1, false);
INSERT INTO public.planet VALUES (6, 'Saturn', false, 1, false);
INSERT INTO public.planet VALUES (7, 'Uranus', false, 1, false);
INSERT INTO public.planet VALUES (8, 'Neptun', false, 1, false);
INSERT INTO public.planet VALUES (9, 'Pluto', false, 1, false);
INSERT INTO public.planet VALUES (10, 'Rigela', NULL, 5, NULL);
INSERT INTO public.planet VALUES (11, 'Rigelb', NULL, 5, NULL);
INSERT INTO public.planet VALUES (12, 'Rigelc', NULL, 5, NULL);


--
-- Data for Name: star; Type: TABLE DATA; Schema: public; Owner: freecodecamp
--

INSERT INTO public.star VALUES (1, 'Sun', 1, 9, NULL);
INSERT INTO public.star VALUES (2, 'Arktur', 1, NULL, NULL);
INSERT INTO public.star VALUES (3, 'Wega', 1, NULL, NULL);
INSERT INTO public.star VALUES (4, 'Capella', 1, NULL, NULL);
INSERT INTO public.star VALUES (5, 'Rigel', 1, NULL, NULL);
INSERT INTO public.star VALUES (6, 'Beteigeuze', 1, NULL, NULL);
INSERT INTO public.star VALUES (7, 'Aldebaran', 1, NULL, NULL);


--
-- Name: astronaut_astronaut_id_seq; Type: SEQUENCE SET; Schema: public; Owner: freecodecamp
--

SELECT pg_catalog.setval('public.astronaut_astronaut_id_seq', 4, true);


--
-- Name: galaxy_galaxy_id_seq; Type: SEQUENCE SET; Schema: public; Owner: freecodecamp
--

SELECT pg_catalog.setval('public.galaxy_galaxy_id_seq', 6, true);


--
-- Name: moon_moon_id_seq; Type: SEQUENCE SET; Schema: public; Owner: freecodecamp
--

SELECT pg_catalog.setval('public.moon_moon_id_seq', 21, true);


--
-- Name: planet_planet_id_seq; Type: SEQUENCE SET; Schema: public; Owner: freecodecamp
--

SELECT pg_catalog.setval('public.planet_planet_id_seq', 12, true);


--
-- Name: star_star_id_seq; Type: SEQUENCE SET; Schema: public; Owner: freecodecamp
--

SELECT pg_catalog.setval('public.star_star_id_seq', 7, true);


--
-- Name: astronaut astronaut_pkey; Type: CONSTRAINT; Schema: public; Owner: freecodecamp
--

ALTER TABLE ONLY public.astronaut
    ADD CONSTRAINT astronaut_pkey PRIMARY KEY (astronaut_id);


--
-- Name: galaxy galaxy_pkey; Type: CONSTRAINT; Schema: public; Owner: freecodecamp
--

ALTER TABLE ONLY public.galaxy
    ADD CONSTRAINT galaxy_pkey PRIMARY KEY (galaxy_id);


--
-- Name: galaxy galaxy_unique; Type: CONSTRAINT; Schema: public; Owner: freecodecamp
--

ALTER TABLE ONLY public.galaxy
    ADD CONSTRAINT galaxy_unique UNIQUE (name);


--
-- Name: moon moon_pkey; Type: CONSTRAINT; Schema: public; Owner: freecodecamp
--

ALTER TABLE ONLY public.moon
    ADD CONSTRAINT moon_pkey PRIMARY KEY (moon_id);


--
-- Name: moon moon_unique; Type: CONSTRAINT; Schema: public; Owner: freecodecamp
--

ALTER TABLE ONLY public.moon
    ADD CONSTRAINT moon_unique UNIQUE (name);


--
-- Name: planet planet_pkey; Type: CONSTRAINT; Schema: public; Owner: freecodecamp
--

ALTER TABLE ONLY public.planet
    ADD CONSTRAINT planet_pkey PRIMARY KEY (planet_id);


--
-- Name: planet planet_unique; Type: CONSTRAINT; Schema: public; Owner: freecodecamp
--

ALTER TABLE ONLY public.planet
    ADD CONSTRAINT planet_unique UNIQUE (name);


--
-- Name: star star_pkey; Type: CONSTRAINT; Schema: public; Owner: freecodecamp
--

ALTER TABLE ONLY public.star
    ADD CONSTRAINT star_pkey PRIMARY KEY (star_id);


--
-- Name: star star_unique; Type: CONSTRAINT; Schema: public; Owner: freecodecamp
--

ALTER TABLE ONLY public.star
    ADD CONSTRAINT star_unique UNIQUE (name);


--
-- Name: astronaut unique_name; Type: CONSTRAINT; Schema: public; Owner: freecodecamp
--

ALTER TABLE ONLY public.astronaut
    ADD CONSTRAINT unique_name UNIQUE (name);


--
-- Name: moon moon_planet_id_fkey; Type: FK CONSTRAINT; Schema: public; Owner: freecodecamp
--

ALTER TABLE ONLY public.moon
    ADD CONSTRAINT moon_planet_id_fkey FOREIGN KEY (planet_id) REFERENCES public.planet(planet_id);


--
-- Name: planet planet_star_id_fkey; Type: FK CONSTRAINT; Schema: public; Owner: freecodecamp
--

ALTER TABLE ONLY public.planet
    ADD CONSTRAINT planet_star_id_fkey FOREIGN KEY (star_id) REFERENCES public.star(star_id);


--
-- Name: star star_galaxy_id_fkey; Type: FK CONSTRAINT; Schema: public; Owner: freecodecamp
--

ALTER TABLE ONLY public.star
    ADD CONSTRAINT star_galaxy_id_fkey FOREIGN KEY (galaxy_id) REFERENCES public.galaxy(galaxy_id);


--
-- PostgreSQL database dump complete
--


